layer,ocr_top_expert,ocr_top_pct,ctrl_top_expert,ctrl_top_pct,overlap,chi2,jsd,tier1_ocr_core,tier3_non_ocr,tier4_dead
L1,E43,6.71,E38,4.72,No,121050.4,0.3502,10,16,2
L2,E12,6.32,E23,5.61,No,87331.0,0.2948,14,14,0
L3,E26,6.64,E32,4.91,No,93205.8,0.3048,10,14,1
L4,E13,7.21,E39,4.64,No,142720.1,0.3875,14,16,0
L5,E17,6.01,E51,3.57,No,118188.9,0.3480,10,16,0
L6,E47,5.67,E18,4.15,No,106239.4,0.3272,11,15,0
L7,E11,4.38,E20,5.45,No,100457.2,0.3176,13,13,1
L8,E57,3.69,E34,5.24,No,71736.6,0.2678,11,9,0
L9,E37,4.10,E26,5.06,No,80566.3,0.2826,14,14,0
L10,E62,3.84,E16,5.22,No,86192.0,0.2946,12,15,0
L11,E59,4.10,E36,6.48,No,101951.0,0.3190,15,11,1
